_id,languages,job,state,dob,gender
"11megha89","[ ""Hindi"" ]","Student","Haryana","18-04-1989","Female"
"2ez4nimzi","[ ""Hindi"" ]","Student","Delhi","16-06-2000","Male"
"9953547227 ","[ ""Hindi"" ]","Student","Delhi","06-09-1998","Male"
"9958221803","[ ""Hindi"" ]","Student","Delhi","09-09-1996","Male"
"ABCDEFGHI JKLM","[ ""Hindi"" ]","Service","Delhi","26-01-1960","Male"
"ANAND","[ ""Hindi"" ]","Self-employed","Haryana","25-03-1967","Male"
"Aakanksha","[ ""Hindi"" ]","Service","Delhi","01-09-1994","Female"
"Aakash","[ ""Hindi"" ]","Service","Jharkhand","18-10-1992","Male"
"Aakash22","[ ""Hindi"" ]","Student","Delhi","02-02-1996","Male"
"Aashisha","[ ""Hindi"", ""Bengali"" ]","Student","Delhi","03-03-1992","Female"
"Aayushi","[ ""Hindi"" ]","Student","Andhra Pradesh","30-10-1991","Female"
"Abhijeet Mishra ","[ ""Hindi"" ]","Others","Haryana","25-12-1991","Male"
"Abhimanyu Tanwar","[ ""Hindi"" ]","Student","Delhi","16-04-1997","Male"
"Abhishek","[ ""Hindi"", ""Bengali"" ]","Student","Delhi","13-11-1997","Male"
"Abhishek Gupta","[ ""Hindi"" ]","Student","Delhi","23-12-1997","Male"
"Aditipathak","[ ""Hindi"" ]","Student","Delhi","01-04-1997","Female"
"Aditya","[ ""Hindi"" ]","Student","Delhi","16-04-1994","Male"
"Afsha shah","[ ""Hindi"" ]","Service","Uttarakhand","15-08-1992","Female"
"Ahmad","[ ""Urdu"" ]","Student","Delhi","07-02-1990","Male"
"Ajay","[ ""Hindi"" ]","Service","Uttar Pradesh","10-09-1990","Male"
"Ajay12","[ ""Hindi"" ]","Self-employed","Delhi","26-04-1963","Male"
"Ajay1998","[ ""Hindi"" ]","Student","Delhi","10-08-1993","Male"
"Akanksha","[ ""Hindi"" ]","Service","Delhi","28-08-1991","Female"
"Akanksha Mishra","[ ""Hindi"" ]","Student","Delhi","16-06-1993","Female"
"Akansha","[ ""Hindi"" ]","Student","Delhi","18-04-1999","Female"
"Akash","[ ""Hindi"", ""Bengali"", ""Bhojpuri"", ""Rajasthani"" ]","Service","Rajasthan","15-07-1992","Male"
"Akash28","[ ""Hindi"", ""Punjabi"" ]","Student","Delhi","28-11-1998","Male"
"Akash869","[ ""Hindi"" ]","Service","Haryana","06-04-1969","Male"
"Akshat","[ ""Hindi"" ]","Student","Delhi","10-03-1998","Male"
"Akshay Thakur","[ ""Bengali"", ""Punjabi"", ""Tamil"", ""Telugu"", ""Kannada"", ""Bhojpuri"", ""Malayalam"", ""Gujarati"", ""Haryanvi"", ""Marathi"", ""Konkani"", ""Manipuri"", ""Oriya"", ""Nepali"", ""Rajasthani"", ""Urdu"", ""Assamese"" ]","Service","Delhi","05-12-1993","Male"
"Alka","[ ""Hindi"" ]","Student","Delhi","16-10-1997","Female"
"AlkaGupta","[ ""Hindi"" ]","Student","Delhi","30-09-1971","Female"
"Alok Singh","[ ""Hindi"" ]","Student","Delhi","24-05-1998","Male"
"Amandeep","[ ""Hindi"" ]","Service","Jammu & Kashmir","03-03-1993","Male"
"Amitjain ","[ ""Hindi"" ]","Self-employed","Delhi","29-10-1964","Male"
"Anil","[ ""Hindi"" ]","Service","Haryana","01-05-1963","Male"
"Anil Kumar Sharma ","[ ""Hindi"" ]","Service","Delhi","16-09-1963","Male"
"Anil Marwah","[ ""Hindi"", ""Punjabi"" ]","Service","Delhi","11-05-1966","Male"
"Anil kumar","[ ""Hindi"" ]","Student","Delhi","11-07-1996","Male"
"Aniruddh","[ ""Hindi"" ]","Student","Rajasthan","14-04-2003","Male"
"AniruddhAggarwal","[ ""Hindi"" ]","Student","Rajasthan","14-04-2003","Male"
"Anita Goel","[ ""Hindi"" ]","Others","Delhi","30-04-1998","Female"
"AnjaliUjjainia","[ ""Hindi"", ""Rajasthani"" ]","Student","Delhi","29-06-1995","Female"
"Anju","[ ""Hindi"" ]","Self-employed","Bihar","01-09-1971","Female"
"Ankit","[ ""Hindi"" ]","Student","Delhi","14-08-1988","Male"
"Ankur ","[ ""Hindi"" ]","Student","Delhi","10-09-1995","Male"
"Ankur Rastogi","[ ""Hindi"" ]","Student","Delhi","29-04-1997","Male"
"Ankur Sharma","[ ""Hindi"" ]","Student","Delhi","21-10-1996","Male"
"Anmol18","[ ""Hindi"" ]","Student","Andhra Pradesh","18-11-1997","Male"
"Anshul","[ ""Hindi"" ]","Service","Delhi","14-09-1993","Male"
"Anshuman Suri","[ ""Hindi"" ]","Student","Delhi","09-03-1996","Male"
"Anubhav","[ ""Hindi"" ]","Student","Delhi","25-12-1997","Male"
"Anudita","[ ""Hindi"" ]","Service","Delhi","18-06-1970","Female"
"Anuprriya","[ ""Hindi"" ]","Student","Delhi","13-02-1981","Female"
"Anusha Raj","[ ""Hindi"" ]","Student","Rajasthan","20-05-1998","Female"
"Anvit","[ ""Hindi"" ]","Student","Delhi","24-05-1998","Male"
"Any","[ ""Hindi"" ]","Student","Delhi","15-09-1997","Male"
"Apoorv","[ ""Hindi"" ]","Student","Delhi","11-06-1999","Male"
"Apurupa","[ ""Hindi"", ""Telugu"" ]","Student","Andhra Pradesh","05-08-1994","Female"
"Arashdeep ","[ ""Hindi"", ""Punjabi"" ]","Student","Punjab","09-09-1991","Female"
"Arashdeep Kaur","[ ""Hindi"", ""Punjabi"" ]","Student","Punjab","09-09-1991","Female"
"Archana","[ ""Hindi"" ]","Others","Delhi","03-03-1973","Female"
"Arjun13022","[ ""Hindi"" ]","Student","Delhi","02-09-1995","Male"
"Arnav Kumar","[ ""Hindi"", ""Punjabi"" ]","Student","Delhi","16-10-1997","Male"
"Arun","[ ""Hindi"" ]","Self-employed","Delhi","20-01-1969","Male"
"Arun Garg","[ ""Hindi"" ]","Self-employed","Delhi","02-01-1968","Male"
"Arun Kumar Gupta","[ ""Hindi"" ]","Service","Delhi","07-04-1970","Male"
"Arushi_kapoor","[ ""Hindi"" ]","Student","Uttar Pradesh","01-08-1997","Female"
"Asad","[ ""Hindi"", ""Urdu"" ]","Student","Chhattisgarh","20-01-1990","Male"
"Ashish","[ ""Hindi"" ]","Student","Delhi","15-12-1997","Male"
"Ashish07","[ ""Hindi"" ]","Student","Delhi","21-03-1998","Male"
"Ashish16021","[ ""Hindi"" ]","Student","Delhi","21-03-1998","Male"
"Ashish_16","[ ""Hindi"" ]","Student","Delhi","05-10-1999","Male"
"Ashok","[ ""Hindi"" ]","Service","Delhi","16-11-1965","Male"
"Ashok Kumar","[ ""Hindi"" ]","Self-employed","Delhi","15-10-1964","Male"
"Ashutosh Brahma","[ ""Hindi"", ""Bengali"", ""Punjabi"", ""Tamil"", ""Telugu"", ""Bhojpuri"", ""Marathi"", ""Oriya"" ]","Service","Odisha","26-05-1988","Male"
"Astitv","[ ""Hindi"" ]","Student","Delhi","01-06-1996","Male"
"Avadh","[ ""Hindi"" ]","Self-employed","Rajasthan","03-07-1969","Male"
"Avdesh Kumar","[ ""Hindi"" ]","Student","Delhi","19-01-1997","Male"
"Avinash","[ ""Hindi"" ]","Service","Delhi","16-09-1971","Male"
"Avneet","[ ""Hindi"" ]","Student","Delhi","08-01-1999","Female"
"Aysha","[ ""Hindi"", ""Telugu"", ""Nepali"", ""Urdu"" ]","Student","Andhra Pradesh","23-03-1998","Female"
"Ayush Raj Mehrotra ","[ ""Hindi"" ]","Student","Delhi","07-02-1999","Male"
"Bajajsushil","[ ""Hindi"", ""Punjabi"", ""Haryanvi"" ]","Service","Haryana","01-04-1967","Male"
"Bharat70","[ ""Hindi"" ]","Self-employed","Delhi","15-08-1970","Male"
"Bhaskar","[ ""Hindi"" ]","Student","Delhi","02-12-1997","Male"
"Bhaskar@123","[]","Student","Delhi","02-12-1997","Male"
"Bhaskarverma725","[ ""Hindi"" ]","Student","Delhi","02-12-1997","Male"
"BhatiaCo","[ ""Hindi"" ]","Student","Andhra Pradesh","07-03-1965","Male"
"Bhawani","[ ""Hindi"" ]","Others","Delhi","20-02-1998","Male"
"Bhuwan Pathak","[ ""Hindi"" ]","Retired","Delhi","16-10-1950","Male"
"Bijla_Rana","[ ""Hindi"" ]","Others","Uttarakhand","03-10-1976","Female"
"BlueO","[ ""Hindi"" ]","Student","Delhi","12-03-1997","Male"
"Bsyadav","[ ""Hindi"" ]","Service","Delhi","16-12-1966","Male"
"Ch1ck3n65","[ ""Hindi"", ""Bhojpuri"" ]","Student","Delhi","01-01-1998","Male"
"Champa72","[ ""Hindi"" ]","Others","Delhi","28-11-1972","Female"
"Chanchal","[ ""Hindi"" ]","Student","Delhi","28-04-1995","Female"
"Chanderkala","[ ""Hindi"" ]","Service","Delhi","25-08-1967","Female"
"Cheerag ","[ ""Hindi"" ]","Service","Haryana","08-08-1993","Male"
"Cheerag 8","[ ""Hindi"" ]","Service","Haryana","08-08-1993","Male"
"Cheerag Duggal ","[ ""Hindi"" ]","Service","Haryana","08-08-1993","Male"
"Cheerag1","[ ""Hindi"" ]","Student","Andhra Pradesh","08-08-1995","Male"
"Cheerag7","[ ""Hindi"" ]","Student","Delhi","08-08-1993","Male"
"Cheffy","[ ""Hindi"", ""Punjabi"" ]","Service","Andhra Pradesh","23-10-1993","Female"
"Chita Chidambaram","[ ""Hindi"" ]","Service","Delhi","21-01-1964","Female"
"Chudail","[ ""Hindi"" ]","Service","Maharashtra","11-08-1964","Male"
"Cloak98","[ ""Hindi"" ]","Service","Uttar Pradesh","12-04-1971","Male"
"CoolSatyam","[ ""Hindi"" ]","Student","Delhi","12-03-1997","Male"
"Cosmopal","[ ""Hindi"" ]","Student","Delhi","27-12-1997","Male"
"D.Saksham","[ ""Hindi"" ]","Student","Delhi","06-11-1996","Male"
"D1","[ ""Hindi"" ]","Student","Nagaland","18-12-1995","Male"
"Daljeet","[ ""Hindi"", ""Punjabi"" ]","Others","Delhi","08-04-1958","Female"
"Dangi","[ ""Hindi"" ]","Service","Haryana","03-11-1973","Male"
"Darthcoder","[ ""Hindi"", ""Punjabi"" ]","Service","Haryana","13-05-1994","Male"
"DauntlessTris","[ ""Hindi"" ]","Student","Chhattisgarh","03-04-2008","Female"
"Deadpool2","[ ""Hindi"" ]","Student","Delhi","10-11-1992","Male"
"Dee","[ ""Hindi"" ]","Student","Delhi","12-06-1998","Female"
"Deeksha","[ ""Hindi"" ]","Student","Uttar Pradesh","10-06-1992","Female"
"Deeksha ","[ ""Hindi"" ]","Student","Uttar Pradesh","10-06-1992","Female"
"Deepak","[ ""Hindi"" ]","Student","Delhi","15-07-1997","Male"
"Deepak _ca2004","[ ""Hindi"" ]","Self-employed","Delhi","02-11-1965","Male"
"Deepti","[ ""Hindi"" ]","Student","Uttar Pradesh","07-06-2000","Female"
"Deepu singh","[ ""Hindi"" ]","Student","Delhi","10-11-1997","Male"
"Dehati","[ ""Hindi"" ]","Service","Maharashtra","07-09-1967","Male"
"Devi Prasad jena","[ ""Hindi"" ]","Student","Andhra Pradesh","17-05-1993","Male"
"Dewangee","[ ""Hindi"" ]","Student","Delhi","12-06-1998","Female"
"Dhruv Bhagat","[ ""Hindi"" ]","Student","Delhi","08-09-1998","Male"
"Diadem98","[ ""Hindi"" ]","Others","Uttar Pradesh","10-09-1971","Female"
"Dicksha","[ ""Hindi"" ]","Student","Delhi","09-12-1992","Female"
"Dimpi","[ ""Hindi"", ""Punjabi"" ]","Service","Delhi","13-12-1984","Female"
"Dimple","[ ""Hindi"" ]","Self-employed","Rajasthan","31-07-1973","Female"
"Divij","[ ""Hindi"", ""Punjabi"" ]","Student","Delhi","03-02-1999","Male"
"Divya","[ ""Hindi"" ]","Others","Haryana","12-12-1993","Female"
"Divya95","[ ""Hindi"" ]","Student","Delhi","29-03-1995","Female"
"Dush","[ ""Hindi"" ]","Service","Delhi","30-09-1993","Male"
"Ekta","[ ""Hindi"" ]","Self-employed","Arunachal Pradesh","15-12-1975","Female"
"Ekta Rawat","[ ""Hindi"" ]","Service","Uttar Pradesh","14-03-1985","Female"
"Erised98","[ ""Hindi"" ]","Student","Delhi","18-03-1998","Female"
"Faiz","[ ""Hindi"" ]","Student","Delhi","22-04-1998","Male"
"Fazilath","[ ""Hindi"", ""Urdu"" ]","Student","Andhra Pradesh","23-03-1998","Female"
"Feeroz Ahmed","[ ""Hindi"" ]","Service","Delhi","10-04-1981","Male"
"GandiHrideysh1","[ ""Hindi"" ]","Student","Bihar","01-02-1991","Male"
"Gaurav sharma","[ ""Hindi"" ]","Student","Delhi","17-06-1998","Male"
"Gautam","[ ""Hindi"" ]","Service","Delhi","06-08-1993","Male"
"Geeta","[ ""Hindi"" ]","Others","Delhi","10-06-1974","Female"
"Ghansham Bansal","[ ""Hindi"" ]","Service","Delhi","02-01-1965","Male"
"Ginnik","[ ""Hindi"" ]","Student","Delhi","30-09-2000","Female"
"Gita","[ ""Hindi"", ""Punjabi"" ]","Others","Punjab","31-05-1970","Female"
"Gitasharma","[ ""Hindi"" ]","Student","Andhra Pradesh","--","Male"
"Gitasharma92","[ ""Hindi"", ""Bengali"", ""Punjabi"", ""Assamese"" ]","Service","Assam","01-07-1966","Female"
"Gotuhell","[ ""Hindi"" ]","Student","Delhi","13-08-1998","Male"
"Gunkirat","[ ""Hindi"", ""Punjabi"" ]","Student","Delhi","16-03-1997","Female"
"Guruji_Deadpool","[ ""Hindi"" ]","Student","Delhi","15-12-1997","Male"
"Hamid Akhtar","[ ""Hindi"", ""Urdu"" ]","Service","Delhi","04-11-1966","Male"
"Harjeet","[ ""Hindi"", ""Punjabi"" ]","Self-employed","Delhi","21-08-1956","Male"
"Harsh","[ ""Hindi"" ]","Student","Delhi","09-03-1998","Male"
"Harshit panwar","[ ""Hindi"" ]","Student","Delhi","30-06-1998","Male"
"Hasan Jawaid Khan","[ ""Hindi"" ]","Service","Delhi","05-11-1963","Male"
"Haseena","[ ""Hindi"", ""Urdu"" ]","Student","Andhra Pradesh","14-04-1974","Male"
"Hedwig30","[ ""Hindi"" ]","Service","Delhi","05-05-1989","Female"
"Himanshi","[ ""Hindi"" ]","Student","Delhi","10-03-1993","Female"
"Himanshu Sharma ","[ ""Hindi"" ]","Student","Uttar Pradesh","02-07-1995","Male"
"Hina","[ ""Hindi"", ""Urdu"" ]","Service","Delhi","16-10-1971","Female"
"Hina ","[ ""Hindi"", ""Urdu"" ]","Service","Delhi","16-10-1971","Female"
"Holmesfan","[ ""Hindi"" ]","Others","Maharashtra","01-01-1978","Female"
"Ishaan Bassi","[ ""Hindi"" ]","Student","Delhi","25-12-1997","Male"
"Ishan","[ ""Hindi"", ""Bengali"", ""Punjabi"", ""Tamil"", ""Telugu"", ""Kannada"", ""Bhojpuri"", ""Malayalam"", ""Gujarati"", ""Haryanvi"", ""Marathi"", ""Konkani"", ""Manipuri"", ""Oriya"", ""Nepali"", ""Rajasthani"", ""Urdu"", ""Assamese"" ]","Student","Goa","03-03-2010","Male"
"JKLM ABCDEFGHI","[ ""Hindi"" ]","Service","Delhi","26-01-1975","Male"
"Jasbir panwar","[ ""Hindi"" ]","Self-employed","Delhi","30-05-1964","Male"
"Jatin_aggarwal","[ ""Hindi"" ]","Service","Delhi","05-05-1994","Male"
"KIRA","[ ""Hindi"" ]","Student","Delhi","23-08-1998","Male"
"Kajal","[ ""Hindi"" ]","Self-employed","Delhi","21-08-1980","Female"
"Kalpana ","[ ""Hindi"" ]","Others","Delhi","19-01-1970","Female"
"Kanika","[ ""Hindi"" ]","Service","Delhi","25-01-1994","Female"
"Kanika Jain ","[ ""Hindi"" ]","Student","Delhi","04-02-1993","Female"
"Kanupriya Dang","[ ""Hindi"" ]","Student","Delhi","13-04-1994","Female"
"Kapeesh","[ ""Hindi"", ""Punjabi"" ]","Student","Punjab","18-08-1998","Male"
"Kapish","[ ""Hindi"" ]","Student","Delhi","08-08-1991","Male"
"Karish08","[ ""Hindi"" ]","Student","Madhya Pradesh","08-01-1992","Female"
"Karishma","[ ""Hindi"" ]","Student","Uttar Pradesh","13-04-1997","Female"
"Karunakar Singh","[ ""Hindi"" ]","Student","Delhi","05-11-2001","Male"
"Kasturi","[ ""Hindi"" ]","Retired","Delhi","05-09-1941","Female"
"Kavya ","[ ""Hindi"" ]","Service","Uttar Pradesh","05-09-1992","Female"
"Keeru24","[ ""Hindi"", ""Tamil"", ""Kannada"" ]","Others","Karnataka","01-01-1988","Male"
"Khan","[ ""Hindi"", ""Urdu"" ]","Student","Uttar Pradesh","07-02-1990","Male"
"Khushi","[ ""Hindi"" ]","Student","Delhi","03-05-2002","Female"
"Kiran","[ ""Hindi"" ]","Student","Delhi","25-04-1997","Female"
"Krishna","[ ""Hindi"" ]","Others","Delhi","05-05-1949","Female"
"Kunal","[ ""Hindi"", ""Punjabi"", ""Rajasthani"" ]","Student","Delhi","21-10-1997","Male"
"Kundan","[ ""Hindi"", ""Punjabi"" ]","Student","Delhi","15-05-1968","Male"
"Kushagra Arora","[ ""Hindi"" ]","Student","Delhi","18-02-1997","Male"
"LATA007","[ ""Hindi"" ]","Service","Delhi","26-11-1981","Female"
"Lakshya","[ ""Hindi"" ]","Student","Delhi","18-07-1998","Male"
"Lalita Gagneja","[ ""Hindi"", ""Punjabi"" ]","Service","Delhi","04-12-1976","Female"
"Lalitha","[ ""Hindi"" ]","Self-employed","Bihar","02-02-1972","Male"
"Lekh Raj","[ ""Hindi"" ]","Service","Delhi","20-09-1969","Male"
"Lokender Singh","[ ""Hindi"" ]","Student","Delhi","24-05-1999","Male"
"Lokeshmaini","[ ""Hindi"", ""Punjabi"" ]","Service","Punjab","16-03-1994","Male"
"LovedeepChhokra","[ ""Hindi"" ]","Service","Delhi","23-01-1998","Male"
"Lovedeep_Chhokra","[ ""Punjabi"" ]","Service","Delhi","23-01-1998","Male"
"M H Akhtar","[ ""Hindi"", ""Urdu"" ]","Student","Delhi","04-11-1966","Male"
"Madan","[ ""Hindi"" ]","Retired","Bihar","15-10-1945","Male"
"MaddyThakker","[ ""Hindi"" ]","Student","Delhi","13-09-1998","Male"
"Madhav","[ ""Hindi"" ]","Others","Delhi","16-05-1993","Male"
"Madhav Goel","[ ""Hindi"" ]","Student","Andhra Pradesh","23-07-2001","Male"
"Madhav Thakker ","[ ""Hindi"" ]","Student","Delhi","16-08-1998","Male"
"MadhurV9784","[ ""Hindi"" ]","Student","Rajasthan","20-09-1997","Male"
"Mahi","[ ""Hindi"" ]","Student","Uttar Pradesh","26-03-1994","Female"
"Mahima","[ ""Hindi"" ]","Student","Uttar Pradesh","30-10-1993","Female"
"Mahima Verma","[ ""Hindi"" ]","Student","Delhi","24-08-1997","Female"
"MalikMishra","[ ""Hindi"", ""Bhojpuri"" ]","Service","Bihar","20-03-1996","Male"
"Manas","[ ""Hindi"" ]","Student","Delhi","08-08-1997","Male"
"Mani","[ ""Hindi"", ""Punjabi"" ]","Student","Delhi","09-04-1990","Female"
"Manish","[ ""Hindi"" ]","Student","Delhi","27-01-1997","Male"
"Manmeet","[ ""Hindi"", ""Punjabi"" ]","Service","Delhi","29-12-1991","Female"
"Manveer__Rana","[ ""Hindi"" ]","Service","Uttarakhand","15-03-1973","Male"
"Mayanksinghal","[ ""Hindi"" ]","Service","Haryana","29-08-1985","Male"
"Meenakshi Garg","[ ""Hindi"" ]","Student","Delhi","22-10-1975","Female"
"Megha","[ ""Hindi"" ]","Student","Delhi","12-10-1993","Female"
"Meghaa","[ ""Hindi"" ]","Service","Delhi","22-11-1990","Female"
"Mkverma","[ ""Hindi"", ""Bhojpuri"" ]","Retired","Delhi","06-11-1948","Male"
"Mohd Kashif","[ ""Hindi"", ""Punjabi"", ""Tamil"", ""Bhojpuri"", ""Haryanvi"" ]","Student","Delhi","01-01-1993","Male"
"Mohd Kashif2","[ ""Hindi"", ""Punjabi"", ""Tamil"", ""Bhojpuri"", ""Haryanvi"" ]","Student","Delhi","01-01-1993","Male"
"Mona","[ ""Hindi"" ]","Others","Delhi","26-12-1971","Female"
"Mr.CA005","[ ""Hindi"" ]","Student","Delhi","24-10-1996","Male"
"MrCruiser","[ ""Hindi"" ]","Student","Delhi","26-09-1994","Male"
"Mrakash","[ ""Hindi"" ]","Student","Delhi","16-06-1997","Male"
"Mudit Goel","[ ""Hindi"" ]","Student","Delhi","30-04-1998","Male"
"Mudit goel","[ ""Hindi"" ]","Student","Delhi","30-04-1998","Male"
"Mugen","[ ""Hindi"" ]","Student","Kerala","17-08-1997","Male"
"Mukesh_Rawat","[ ""Hindi"" ]","Student","Delhi","08-05-1996","Male"
"Mukki_Rana","[ ""Hindi"" ]","Student","Delhi","26-09-1996","Male"
"Mukulmimmo","[ ""Hindi"" ]","Student","Uttar Pradesh","18-12-1990","Male"
"Munish","[ ""Hindi"" ]","Student","Uttar Pradesh","19-12-1997","Male"
"NAKUL","[ ""Hindi"" ]","Student","Himachal Pradesh","18-10-1999","Male"
"ND","[ ""Hindi"" ]","Student","Delhi","08-05-1995","Male"
"NSB64","[ ""Hindi"" ]","Service","Delhi","31-04-1964","Male"
"NSB64_","[ ""Hindi"" ]","Service","Delhi","31-04-1964","Male"
"Nabeel Ahmad","[ ""Hindi"" ]","Student","Delhi","05-06-1982","Male"
"Nakul","[ ""Hindi"" ]","Student","Chhattisgarh","09-09-1998","Male"
"Nakul lawaria","[ ""Hindi"" ]","Student","Andhra Pradesh","25-11-1992","Male"
"Namrata13065","[ ""Hindi"", ""Assamese"" ]","Student","Assam","10-07-1994","Female"
"Nandini","[ ""Hindi"" ]","Student","Delhi","01-05-2003","Female"
"Naresh","[ ""Hindi"" ]","Service","Delhi","10-04-1966","Male"
"NareshJain","[ ""Hindi"" ]","Retired","Madhya Pradesh","25-10-1941","Male"
"Naveen","[ ""Hindi"" ]","Student","Gujarat","04-05-2011","Male"
"Naveenchd","[ ""Hindi"" ]","Service","Punjab","06-12-1972","Male"
"Navin","[]","Self-employed","Delhi","05-06-1971","Male"
"Nawazish","[ ""Hindi"", ""Urdu"" ]","Student","Delhi","18-07-1996","Male"
"Nbhatia","[ ""Hindi"" ]","Student","Delhi","11-09-1960","Male"
"Neera","[ ""Hindi"" ]","Self-employed","Delhi","22-09-1975","Female"
"Neeti Arora","[ ""Hindi"" ]","Student","Delhi","29-03-1992","Female"
"Neetu","[ ""Hindi"" ]","Student","Delhi","17-05-1998","Male"
"Neetu Singh","[ ""Hindi"" ]","Self-employed","Delhi","13-01-1975","Female"
"Neha Sharma","[ ""Hindi"" ]","Service","Delhi","08-12-1990","Male"
"Nepun Suneja","[ ""Hindi"" ]","Service","Delhi","03-03-1980","Male"
"Nilesh","[ ""Hindi"" ]","Student","Delhi","18-02-1995","Male"
"Nishad Bhelekar","[ ""Hindi"" ]","Student","Maharashtra","10-11-1998","Male"
"Nitin Kumar","[ ""Hindi"" ]","Student","Delhi","30-04-1998","Male"
"Nitin13070","[ ""Hindi"" ]","Student","Delhi","07-02-1995","Male"
"Om Prakash","[ ""Hindi"" ]","Service","Delhi","11-07-1966","Male"
"PAPA","[ ""Hindi"" ]","Student","Delhi","25-08-1999","Male"
"Pandeyji","[ ""Hindi"" ]","Student","Andhra Pradesh","25-11-1998","Male"
"Parth ","[ ""Hindi"" ]","Student","Uttar Pradesh","19-06-1996","Male"
"Pkaksha","[ ""Hindi"" ]","Student","Delhi","18-10-1993","Male"
"Poonam duggal","[ ""Hindi"" ]","Self-employed","Haryana","19-07-1968","Female"
"Poonamsaini","[ ""Hindi"" ]","Self-employed","Delhi","23-02-1970","Female"
"Pradeep ","[ ""Hindi"" ]","Self-employed","Haryana","20-11-1965","Male"
"Pradeep Sharma","[ ""Hindi"" ]","Service","Delhi","02-04-1961","Male"
"Pradeep Wason","[ ""Hindi"" ]","Service","Delhi","06-02-1969","Male"
"Prakashb","[ ""Hindi"" ]","Service","Delhi","07-01-1970","Male"
"Pramod_Agg","[ ""Hindi"" ]","Self-employed","Delhi","26-01-1961","Male"
"Pramodh","[ ""Hindi"" ]","Student","Delhi","12-07-1965","Male"
"PrateekSingh","[ ""Hindi"" ]","Student","Delhi","03-06-1994","Male"
"Preeti","[ ""Hindi"" ]","Others","Uttar Pradesh","18-11-1969","Female"
"Prem","[ ""Hindi"" ]","Student","Andhra Pradesh","--","Male"
"PremL","[ ""Hindi"" ]","Others","Himachal Pradesh","-03-1971","Female"
"Prema","[ ""Hindi"" ]","Student","Delhi","06-09-1993","Female"
"Prerna","[ ""Hindi"" ]","Student","Delhi","06-09-1993","Female"
"Prerna Agarwal","[ ""Hindi"" ]","Student","Delhi","04-04-2010","Female"
"Prince patel","[ ""Hindi"" ]","Student","Chhattisgarh","14-07-1992","Male"
"Priya15073","[ ""Hindi"" ]","Student","Delhi","14-06-1997","Female"
"Priysha20","[ ""Hindi"" ]","Self-employed","Delhi","11-12-1998","Female"
"Protichi","[ ""Hindi"", ""Bengali"" ]","Student","Delhi","02-07-1995","Female"
"REVERB283","[ ""Hindi"" ]","Student","Delhi","12-01-1998","Male"
"Radhikakedia","[ ""Hindi"" ]","Student","Uttar Pradesh","01-03-1999","Female"
"Raghav","[ ""Hindi"" ]","Student","Delhi","06-11-1997","Male"
"Raghav Verma","[ ""Hindi"" ]","Student","Delhi","27-10-2000","Male"
"Raghav1","[ ""Hindi"" ]","Student","Delhi","06-11-1997","Male"
"Raghavv","[ ""Hindi"" ]","Student","Delhi","02-02-1998","Male"
"Rahul","[ ""Hindi"" ]","Student","Delhi","20-01-1998","Male"
"Rahul Bansal","[ ""Hindi"" ]","Service","Haryana","20-05-1986","Male"
"Raj Kamal","[ ""Hindi"" ]","Student","Delhi","05-07-1999","Male"
"Raj Kumar","[ ""Hindi"" ]","Self-employed","Delhi","15-05-1978","Male"
"Rajesh","[ ""Hindi"" ]","Service","Delhi","02-12-1997","Male"
"Rajesh Bhagat","[ ""Hindi"" ]","Self-employed","Delhi","01-11-1970","Male"
"RajeshVerma","[ ""Hindi"", ""Punjabi"" ]","Service","Delhi","20-03-1969","Male"
"Rajeshidh","[ ""Hindi"" ]","Service","Delhi","12-01-1969","Male"
"Rajni Gupta","[ ""Hindi"" ]","Others","Delhi","29-04-1974","Female"
"Rakesh123","[ ""Hindi"" ]","Student","Delhi","18-12-1965","Male"
"Ralph ","[ ""Hindi"" ]","Student","Delhi","16-08-1994","Male"
"Ram","[ ""Tamil"", ""Kannada"" ]","Others","Karnataka","25-03-1993","Male"
"Ramanathan","[ ""Hindi"" ]","Service","Tamil Nadu","08-11-1965","Male"
"Rashi.prakash8","[ ""Hindi"" ]","Student","Uttar Pradesh","02-10-1995","Female"
"Ratan","[ ""Hindi"", ""Kannada"" ]","Others","Karnataka","07-10-1993","Male"
"Raulgarg","[ ""Hindi"" ]","Self-employed","Andhra Pradesh","01-08-1980","Male"
"Redusa","[ ""Hindi"" ]","Student","Delhi","09-02-1998","Male"
"Ric","[ ""Hindi"" ]","Student","Andhra Pradesh","--","Male"
"Rich","[ ""Hindi"" ]","Student","Andhra Pradesh","05-02-2010","Male"
"Richa","[ ""Hindi"" ]","Student","Delhi","22-03-1993","Female"
"Richa Goel","[ ""Hindi"" ]","Student","Delhi","30-04-1998","Male"
"Richa Verma","[ ""Hindi"", ""Bengali"" ]","Student","Delhi","02-04-2009","Female"
"Richa2","[ ""Hindi"" ]","Student","Andhra Pradesh","05-03-2008","Male"
"RichaGoswami","[ ""Hindi"" ]","Student","Delhi","05-06-1998","Female"
"RichaS7","[ ""Hindi"" ]","Service","Andhra Pradesh","01-03-1994","Female"
"Rimjhim","[ ""Hindi"" ]","Student","Rajasthan","30-07-1999","Female"
"RishabhGoswami","[ ""Hindi"" ]","Student","Delhi","09-10-1999","Male"
"Rishi","[ ""Hindi"" ]","Student","Uttar Pradesh","10-10-1991","Male"
"Ritu","[ ""Hindi"" ]","Student","Delhi","01-01-1999","Female"
"Ritvik13078","[ ""Hindi"" ]","Student","Delhi","02-10-1995","Male"
"Rohan Chhokra","[ ""Hindi"" ]","Student","Delhi","23-01-1998","Male"
"Rohit","[ ""Hindi"" ]","Student","Delhi","05-03-1998","Male"
"Roshan","[ ""Hindi"", ""Tamil"", ""Malayalam"" ]","Student","Kerala","24-07-1998","Male"
"Roshan Ajith ","[ ""Hindi"", ""Tamil"", ""Malayalam"" ]","Student","Kerala","24-07-1998","Male"
"Rosy","[ ""Hindi"" ]","Student","Delhi","06-08-1970","Female"
"Rsc98","[ ""Hindi"", ""Bengali"" ]","Student","West Bengal","05-12-1998","Male"
"Rsh2ada","[ ""Hindi"", ""Punjabi"" ]","Service","Karnataka","05-04-1990","Male"
"S P","[ ""Hindi"" ]","Service","Tamil Nadu","14-09-1978","Male"
"S P Sharma","[ ""Hindi"" ]","Retired","Delhi","30-11-1968","Male"
"SSSharma","[ ""Hindi"", ""Punjabi"" ]","Service","Uttar Pradesh","27-11-1958","Male"
"SSingh1402","[ ""Hindi"" ]","Student","Delhi","14-02-1967","Male"
"Sachin ","[ ""Hindi"" ]","Service","Delhi","01-10-1984","Male"
"Sagar Verma","[ ""Hindi"", ""Bengali"", ""Punjabi"", ""Tamil"", ""Telugu"", ""Kannada"", ""Bhojpuri"", ""Malayalam"", ""Marathi"", ""Oriya"", ""Nepali"", ""Rajasthani"", ""Urdu"", ""Assamese"" ]","Student","Chhattisgarh","22-03-1993","Male"
"Sahil Vaid","[ ""Hindi"", ""Punjabi"" ]","Student","Delhi","29-03-1999","Male"
"Sai Sabitha","[ ""Hindi"", ""Tamil"" ]","Student","Delhi","28-12-1966","Male"
"SaiKiran","[ ""Hindi"", ""Tamil"", ""Telugu"" ]","Service","Andhra Pradesh","09-01-1994","Male"
"Saksham","[ ""Hindi"" ]","Student","Delhi","06-11-1996","Male"
"Saksham Gupta","[ ""Hindi"" ]","Student","Delhi","06-11-1996","Male"
"Sameer Khan","[ ""Hindi"" ]","Student","Delhi","01-12-1992","Male"
"Sandeeps","[ ""Hindi"" ]","Service","Maharashtra","23-09-1981","Male"
"Sangita_1001","[ ""Hindi"" ]","Service","Andhra Pradesh","12-03-1981","Female"
"Sanjay","[ ""Hindi"" ]","Self-employed","Delhi","30-12-1974","Male"
"Sanjay Kumar","[ ""Hindi"" ]","Service","Delhi","03-03-1985","Male"
"Sanjiv","[ ""Hindi"", ""Punjabi"" ]","Service","Himachal Pradesh","07-09-1980","Male"
"SankaLp","[ ""Hindi"" ]","Self-employed","Delhi","01-06-1994","Male"
"Santosh","[ ""Hindi"", ""Punjabi"" ]","Student","Delhi","19-08-1970","Female"
"Saquib","[ ""Hindi"", ""Urdu"" ]","Student","Delhi","24-01-1993","Male"
"Sarang","[ ""Hindi"" ]","Student","Delhi","28-09-1993","Male"
"Sarthak Aditya","[ ""Hindi"" ]","Student","Delhi","30-10-1998","Male"
"Satish","[ ""Hindi"" ]","Self-employed","Delhi","05-07-1968","Male"
"Satpal ","[ ""Hindi"", ""Punjabi"" ]","Self-employed","Delhi","08-08-1964","Male"
"Satya","[ ""Hindi"", ""Bhojpuri"", ""Rajasthani"" ]","Service","Rajasthan","01-09-1964","Male"
"Satyam choudhary","[ ""Hindi"" ]","Student","Delhi","01-08-1998","Male"
"Satyam007","[ ""Hindi"" ]","Student","Delhi","12-03-1997","Male"
"Saurabh","[ ""Hindi"" ]","Service","Delhi","27-09-1993","Male"
"Sautan Sharma","[ ""Hindi"", ""Bhojpuri"" ]","Others","Delhi","03-12-1992","Female"
"Savita","[ ""Hindi"" ]","Others","Delhi","05-07-1973","Female"
"Savitaverma","[ ""Hindi"" ]","Service","Delhi","29-04-1979","Male"
"Shahab","[ ""Hindi"" ]","Others","Uttar Pradesh","10-03-1961","Male"
"Shailesh ","[ ""Hindi"" ]","Student","Delhi","07-08-1995","Male"
"Shaloo","[ ""Hindi"" ]","Service","Delhi","28-06-1971","Female"
"Shanky","[ ""Hindi"" ]","Service","Assam","11-02-1992","Male"
"Sharmistha Gupta","[ ""Hindi"" ]","Student","Delhi","20-04-1999","Female"
"Shashanka","[ ""Hindi"", ""Telugu"", ""Malayalam"" ]","Others","Telangana","27-09-1991","Male"
"Shashi","[ ""Hindi"" ]","Retired","Rajasthan","03-11-1944","Female"
"Sheeba Naqvi","[ ""Hindi"" ]","Others","Uttar Pradesh","26-11-1969","Female"
"Shelly","[ ""Hindi"" ]","Student","Delhi","06-09-1989","Female"
"Shilpa","[ ""Hindi"" ]","Student","Delhi","11-10-1982","Male"
"Shinu","[ ""Hindi"", ""Punjabi"" ]","Service","Punjab","07-09-1993","Female"
"Shivani","[ ""Hindi"" ]","Others","Delhi","24-09-1973","Female"
"Shivin ","[ ""Hindi"" ]","Student","Delhi","12-11-1997","Male"
"Shivkseth","[ ""Hindi"" ]","Student","Punjab","04-09-1940","Male"
"Shravika","[ ""Hindi"" ]","Student","Delhi","27-02-1998","Female"
"Shreetama","[ ""Hindi"", ""Bengali"" ]","Student","Delhi","19-08-1997","Female"
"Shreshtha singhal","[ ""Hindi"" ]","Student","Uttar Pradesh","19-09-1995","Female"
"Shreyagupta","[ ""Hindi"" ]","Student","Uttar Pradesh","01-11-1998","Female"
"Shreyas","[ ""Hindi"" ]","Student","Delhi","17-10-2002","Male"
"Shruti","[ ""Hindi"", ""Bhojpuri"" ]","Others","Delhi","08-10-1971","Male"
"Shrutika.sethi","[ ""Hindi"" ]","Student","Delhi","12-01-1999","Female"
"Shubh0493","[ ""Hindi"" ]","Service","Haryana","04-09-1993","Male"
"Shubham","[ ""Hindi"" ]","Service","Delhi","12-09-1992","Male"
"Shubham ","[ ""Hindi"" ]","Service","Delhi","12-09-1992","Male"
"ShubhamGoswami","[ ""Hindi"" ]","Service","Delhi","27-11-1969","Male"
"Shubhi0108","[ ""Hindi"" ]","Student","Delhi","01-08-1998","Female"
"Shubhra","[ ""Hindi"" ]","Student","Delhi","15-04-1994","Female"
"Shweta","[ ""Hindi"" ]","Others","Delhi","04-06-1977","Male"
"Shweta Rana","[ ""Hindi"" ]","Student","Andhra Pradesh","12-08-1994","Female"
"Shweta2206","[ ""Hindi"" ]","Student","Delhi","22-06-1994","Male"
"Shyam","[ ""Hindi"" ]","Service","Delhi","28-12-1970","Male"
"Siddhi singhal","[ ""Hindi"" ]","Student","Uttar Pradesh","01-09-2005","Female"
"Simran","[ ""Hindi"", ""Punjabi"" ]","Student","Delhi","25-03-1998","Female"
"Sm","[ ""Hindi"" ]","Service","Delhi","26-10-1964","Male"
"Snigdha","[ ""Hindi"" ]","Student","Delhi","17-03-1993","Female"
"Sooraj","[ ""Hindi"" ]","Self-employed","Delhi","22-02-1965","Male"
"Spitiart","[ ""Hindi"" ]","Student","Uttar Pradesh","01-08-1998","Female"
"Sraj","[ ""Hindi"" ]","Service","Maharashtra","19-11-1991","Female"
"Srattan98","[ ""Hindi"", ""Punjabi"" ]","Student","Delhi","16-01-1998","Male"
"Sriram arora","[ ""Hindi"" ]","Self-employed","Delhi","--","Male"
"Srishti","[ ""Hindi"" ]","Others","Delhi","21-03-1991","Female"
"Ss2195","[ ""Hindi"" ]","Student","Delhi","21-10-1995","Female"
"Sunil kumar","[ ""Hindi"" ]","Retired","Delhi","26-12-1970","Male"
"Sunita","[ ""Hindi"" ]","Others","Uttar Pradesh","07-03-1976","Female"
"Sunny110051","[ ""Hindi"" ]","Service","Delhi","15-07-1985","Male"
"Surabhi","[ ""Hindi"" ]","Student","Delhi","03-04-1998","Female"
"Suraj","[ ""Hindi"" ]","Student","Delhi","04-07-1998","Male"
"Suraj Prathik Kumar","[ ""Hindi"" ]","Student","Delhi","08-11-1997","Male"
"Swatilekha Majumdar","[ ""Hindi"", ""Bengali"", ""Punjabi"" ]","Student","Delhi","13-05-1989","Female"
"Sweta_Chhokra","[ ""Hindi"" ]","Service","Delhi","23-01-1998","Female"
"Switi","[ ""Hindi"" ]","Others","Delhi","15-08-1972","Female"
"Taejas","[ ""Hindi"" ]","Student","Delhi","25-09-1998","Male"
"Tanish","[ ""Hindi"" ]","Student","Delhi","19-09-1998","Male"
"Tanushigarg40","[ ""Hindi"" ]","Student","Delhi","10-09-2002","Female"
"Tapish05","[ ""Hindi"" ]","Service","Rajasthan","05-08-1995","Male"
"Tejis","[ ""Hindi"" ]","Service","Haryana","11-08-1967","Male"
"ThatAwkwardLad","[ ""Hindi"", ""Assamese"" ]","Student","Meghalaya","03-02-1994","Male"
"The mysterious","[ ""Hindi"" ]","Student","Andhra Pradesh","23-08-1999","Female"
"Tilakraj","[ ""Hindi"" ]","Student","Haryana","19-08-1984","Male"
"Ujain19","[ ""Hindi"" ]","Service","Haryana","19-12-1981","Male"
"Umashankar","[ ""Hindi"" ]","Retired","Delhi","14-11-1968","Male"
"Umesh","[ ""Hindi"" ]","Self-employed","Delhi","01-07-1967","Male"
"Umesh Gupta ","[ ""Hindi"" ]","Self-employed","Delhi","01-07-1967","Male"
"User8","[ ""Hindi"", ""Kannada"" ]","Student","Andhra Pradesh","03-04-2008","Male"
"Utkarsh","[ ""Hindi"" ]","Student","Delhi","04-03-1998","Male"
"Utkarsh Kohli","[ ""Hindi"" ]","Service","Andhra Pradesh","10-05-1993","Male"
"Vaibhav","[ ""Hindi"" ]","Student","Delhi","29-03-1993","Male"
"Vaibhav Dang","[ ""Hindi"" ]","Student","Punjab","14-10-2000","Male"
"Vanshika gupta","[ ""Hindi"" ]","Student","Delhi","08-07-1992","Female"
"Varshasharma","[ ""Hindi"" ]","Service","Maharashtra","11-08-1993","Female"
"Vartika","[ ""Hindi"" ]","Student","Uttar Pradesh","14-02-1998","Female"
"Vatsala Arora","[ ""Hindi"" ]","Student","Delhi","09-03-1998","Female"
"Vedant","[ ""Hindi"" ]","Student","Delhi","19-08-1998","Male"
"Vedant1","[ ""Hindi"" ]","Student","Delhi","19-08-1998","Male"
"Vedant2","[ ""Hindi"" ]","Student","Delhi","19-08-1998","Male"
"Venu","[ ""Hindi"" ]","Student","Delhi","12-07-1996","Female"
"Vidi","[ ""Hindi"" ]","Student","Delhi","12-03-1997","Female"
"Vijay","[ ""Hindi"" ]","Student","Andhra Pradesh","27-07-1994","Female"
"Vikas","[ ""Hindi"" ]","Student","Andhra Pradesh","18-08-1998","Male"
"VikashKumandan ","[ ""Hindi"", ""Telugu"" ]","Others","Andhra Pradesh","17-09-1993","Male"
"Vipin Goel","[ ""Hindi"" ]","Self-employed","Delhi","30-04-1998","Male"
"Vishal Hooda","[ ""Hindi"" ]","Student","Delhi","26-11-1997","Male"
"Vishal711","[ ""Hindi"" ]","Student","Delhi","07-11-1998","Male"
"VishalS711","[ ""Hindi"" ]","Student","Delhi","07-11-1998","Male"
"VishalSR711","[ ""Hindi"" ]","Student","Delhi","07-11-1998","Male"
"Vishwas","[ ""Hindi"" ]","Service","Andhra Pradesh","01-07-1994","Male"
"WadeWilson","[ ""Hindi"" ]","Student","Delhi","10-09-1997","Male"
"Wallah","[ ""Hindi"", ""Bengali"", ""Urdu"", ""Assamese"" ]","Self-employed","West Bengal","01-01-2012","Male"
"Yajan","[ ""Hindi"" ]","Service","Delhi","06-02-1994","Male"
"Yamini.sejwa","[ ""Hindi"", ""Haryanvi"" ]","Student","Delhi","12-03-1997","Female"
"Yamini.sejwal","[ ""Hindi"" ]","Student","Andhra Pradesh","--","Male"
"Yashu","[ ""Hindi"" ]","Service","Maharashtra","19-10-1993","Female"
"Yatendra","[ ""Hindi"" ]","Service","Uttar Pradesh","19-09-1988","Male"
"Yogesh","[ ""Hindi"" ]","Self-employed","Delhi","16-09-1980","Male"
"YuvraJ Sharma","[ ""Hindi"" ]","Service","Delhi","29-07-1993","Male"
"Zirgham ","[ ""Hindi"", ""Urdu"" ]","Service","Delhi","07-02-1990","Male"
"Zoha","[ ""Hindi"", ""Urdu"" ]","Student","Delhi","18-09-1998","Female"
"a","[ ""Hindi"" ]","Student","Andhra Pradesh","--","Male"
"aakash16215","[ ""Hindi"" ]","Student","Delhi","06-02-1998","Male"
"aakashjoshi","[ ""Hindi"" ]","Self-employed","Maharashtra","16-07-1990","Male"
"aayush9","[ ""Hindi"" ]","Student","Delhi","29-08-1998","Male"
"abc","[ ""Hindi"" ]","Student","Delhi","03-02-1995","Male"
"abc1","[ ""Hindi"" ]","Student","Andhra Pradesh","02-01-1995","Male"
"abc123","[ ""Hindi"" ]","Student","Delhi","03-03-2009","Male"
"abdulkhan","[ ""Hindi"" ]","Student","Haryana","21-12-1995","Male"
"abhi","[ ""Hindi"" ]","Student","Delhi","28-08-1995","Male"
"abhim51","[ ""Hindi"" ]","Student","Delhi","17-06-1998","Male"
"abhimanyu","[ ""Hindi"" ]","Student","Delhi","29-12-1997","Male"
"abhishek13005","[ ""Hindi"" ]","Student","Delhi","13-09-1995","Male"
"abhishek16006","[ ""Hindi"" ]","Student","Delhi","23-09-1995","Male"
"abhishek2309","[ ""Hindi"" ]","Student","Delhi","23-09-1997","Male"
"acckoul","[ ""Hindi"" ]","Service","Karnataka","20-10-1980","Male"
"achala.sharma25","[ ""Hindi"" ]","Service","Delhi","25-04-1990","Female"
"achetan40","[ ""Hindi"" ]","Student","Delhi","03-09-1998","Male"
"adarsh_007","[ ""Hindi"" ]","Student","Bihar","12-08-1998","Male"
"adinehria","[ ""Hindi"" ]","Student","Himachal Pradesh","08-09-1997","Male"
"aditya16008","[ ""Hindi"", ""Haryanvi"" ]","Student","Delhi","15-11-1998","Male"
"aditya16127","[ ""Hindi"" ]","Student","Delhi","24-07-1998","Male"
"adityas114","[ ""Hindi"" ]","Student","Delhi","11-04-1998","Male"
"adiv12","[ ""Hindi"", ""Punjabi"", ""Haryanvi"" ]","Student","Delhi","15-01-1998","Male"
"admin@flickscore",,,,,
"afzal ahemad","[ ""Hindi"" ]","Student","Delhi","15-10-1997","Male"
"agarwal_a","[ ""Hindi"" ]","Student","Delhi","16-11-1995","Male"
"agrawalamod","[ ""Hindi"" ]","Student","Delhi","12-12-1994","Male"
"aishwarya","[ ""Hindi"" ]","Student","Delhi","14-10-2003","Female"
"aishwarya14130","[ ""Hindi"", ""Bengali"", ""Punjabi"", ""Bhojpuri"", ""Gujarati"", ""Rajasthani"" ]","Student","Delhi","08-02-1997","Female"
"ajay1967","[ ""Hindi"" ]","Student","Delhi","14-12-1967","Male"
"ajit","[ ""Hindi"", ""Marathi"" ]","Service","Maharashtra","10-01-1979","Male"
"ak.shinde09","[ ""Hindi"" ]","Student","Delhi","09-09-1993","Male"
"akaReddy","[ ""Hindi"" ]","Student","Delhi","22-11-1998","Male"
"akanksha","[ ""Hindi"" ]","Student","Haryana","17-08-1996","Female"
"akif.khan","[ ""Hindi"", ""Urdu"" ]","Service","Delhi","17-02-1992","Male"
"akshat14132","[ ""Hindi"" ]","Student","Delhi","28-01-1995","Male"
"alpna","[ ""Hindi"" ]","Others","Delhi","07-09-1972","Female"
"aman","[ ""Hindi"" ]","Student","Delhi","14-05-1998","Male"
"amandeep","[ ""Hindi"", ""Punjabi"" ]","Service","Delhi","30-03-1992","Male"
"amar","[ ""Hindi"", ""Punjabi"" ]","Self-employed","Delhi","20-01-1969","Male"
"amit010dalel","[ ""Hindi"" ]","Service","Uttar Pradesh","30-06-1985","Male"
"amitrawat058@gmail.com","[ ""Hindi"" ]","Self-employed","Delhi","22-05-1989","Male"
"ampk349","[ ""Hindi"" ]","Self-employed","Delhi","01-04-1975","Male"
"anandita9988","[ ""Hindi"" ]","Student","Delhi","18-04-1991","Male"
"anant3110","[ ""Hindi"" ]","Student","Delhi","31-10-1997","Male"
"anildhawan","[ ""Hindi"" ]","Service","Delhi","18-05-1959","Male"
"anjali9899","[ ""Hindi"" ]","Others","Maharashtra","18-06-1970","Male"
"anjaniarnav","[ ""Hindi"" ]","Student","Delhi","04-11-1997","Male"
"ankit sharma","[ ""Hindi"" ]","Student","Delhi","18-05-1997","Male"
"ankushvarma12","[ ""Hindi"" ]","Service","Delhi","12-10-1992","Male"
"anmol89","[ ""Hindi"" ]","Student","Haryana","23-01-1996","Male"
"anoop","[ ""Hindi"" ]","Service","Delhi","14-03-1968","Male"
"anshika","[ ""Hindi"" ]","Student","Delhi","05-07-2000","Female"
"anshul","[ ""Hindi"" ]","Student","Delhi","22-04-1992","Male"
"anshumanprakash123","[ ""Hindi"", ""Marathi"" ]","Student","Uttar Pradesh","05-06-1997","Male"
"anubha","[ ""Hindi"" ]","Others","Uttar Pradesh","20-12-1976","Female"
"anubhav16014a","[ ""Hindi"" ]","Student","Andhra Pradesh","01-02-2012","Male"
"anubhav16014b","[ ""Hindi"" ]","Student","Andhra Pradesh","01-01-2008","Male"
"anujrawal","[ ""Hindi"" ]","Self-employed","Delhi","17-08-1966","Male"
"anurag","[ ""Hindi"" ]","Student","Delhi","04-05-1996","Male"
"anushka16134","[ ""Hindi"" ]","Student","Delhi","03-03-1998","Female"
"anvitmangal","[ ""Hindi"" ]","Student","Delhi","24-05-1998","Male"
"appu250","[ ""Hindi"", ""Tamil"", ""Malayalam"" ]","Student","Delhi","17-04-1998","Male"
"aprajita1964","[ ""Hindi"" ]","Student","Delhi","18-01-1964","Male"
"archana","[ ""Hindi"" ]","Others","Uttar Pradesh","13-02-1968","Male"
"archanag","[ ""Hindi"" ]","Student","Andhra Pradesh","20-07-1972","Male"
"arp229","[ ""Hindi"" ]","Student","Delhi","20-01-1998","Male"
"arpana","[ ""Hindi"" ]","Others","Delhi","23-03-1986","Female"
"arsh25","[ ""Hindi"", ""Punjabi"" ]","Student","Delhi","25-08-1998","Male"
"arun","[ ""Hindi"" ]","Self-employed","Uttar Pradesh","29-10-1971","Male"
"arun gaba","[ ""Hindi"", ""Bengali"", ""Punjabi"", ""Tamil"" ]","Others","Delhi","22-10-1968","Male"
"arunp","[ ""Hindi"" ]","Service","Haryana","03-01-1973","Male"
"arushi","[ ""Hindi"" ]","Student","Delhi","19-02-1993","Female"
"aryaman5c","[ ""Hindi"" ]","Student","Delhi","02-10-2003","Male"
"aseemsaini","[ ""Hindi"" ]","Student","Delhi","21-07-1997","Male"
"ashi","[ ""Hindi"" ]","Student","Uttar Pradesh","27-08-1998","Female"
"ashokjain","[ ""Hindi"" ]","Self-employed","Delhi","21-04-1968","Male"
"ashokkr.saini","[ ""Hindi"" ]","Self-employed","Delhi","24-12-1959","Male"
"ashrafdilnawaz","[ ""Hindi"" ]","Student","Delhi","26-07-1998","Male"
"ashutosh15011","[ ""Hindi"" ]","Student","Delhi","26-05-1989","Male"
"ashutosh16231","[ ""Hindi"" ]","Student","Uttar Pradesh","11-08-1999","Male"
"askwhat","[ ""Hindi"" ]","Student","Delhi","11-06-1997","Male"
"avig","[ ""Hindi"" ]","Student","Delhi","12-07-1999","Male"
"avinash","[ ""Hindi"" ]","Student","Delhi","17-05-2000","Male"
"ayush12121997","[ ""Hindi"" ]","Student","Delhi","12-12-1997","Male"
"ayush16024","[ ""Hindi"" ]","Student","Delhi","12-12-1997","Male"
"ayush97","[ ""Hindi"" ]","Student","Delhi","12-12-1997","Male"
"ayushi16025","[ ""Hindi"", ""Haryanvi"", ""Rajasthani"" ]","Student","Delhi","21-05-1998","Female"
"baani","[ ""Hindi"", ""Punjabi"" ]","Student","Delhi","27-02-1998","Female"
"baani16234","[ ""Hindi"", ""Punjabi"" ]","Student","Delhi","27-02-1998","Female"
"banarasi","[ ""Hindi"" ]","Service","Uttar Pradesh","12-08-1988","Female"
"bhaavyasood96","[ ""Hindi"" ]","Student","Maharashtra","15-09-1996","Female"
"bharat","[ ""Hindi"" ]","Service","Andhra Pradesh","06-10-1962","Male"
"bhavya bhatia","[ ""Hindi"" ]","Others","Delhi","15-12-1993","Male"
"bhrigudov","[ ""Hindi"", ""Punjabi"" ]","Student","Delhi","10-08-1995","Male"
"bhudev","[ ""Hindi"" ]","Service","Delhi","12-06-1970","Male"
"bipul","[ ""Hindi"", ""Bengali"" ]","Service","Karnataka","07-02-1974","Male"
"bishtman","[ ""Hindi"" ]","Student","Delhi","10-05-1999","Male"
"brihi16142","[ ""Hindi"" ]","Student","Delhi","06-11-1998","Female"
"bsayan","[ ""Hindi"", ""Bengali"" ]","Student","Maharashtra","25-02-1979","Male"
"cerberus","[ ""Hindi"" ]","Student","Delhi","16-11-1997","Male"
"cf","[ ""Malayalam"" ]","Student","Andhra Pradesh","--","Female"
"cgupt","[ ""Hindi"" ]","Retired","Chhattisgarh","03-08-1946","Male"
"chahat","[ ""Hindi"" ]","Student","Delhi","08-04-1997","Female"
"chaitanya","[ ""Hindi"" ]","Student","Delhi","29-01-1998","Male"
"chaitanya16027","[ ""Hindi"" ]","Student","Delhi","29-01-1998","Male"
"chaitanyaagarwal","[ ""Hindi"" ]","Student","Delhi","29-01-1998","Male"
"chandan110022","[ ""Hindi"" ]","Student","Delhi","02-08-1998","Male"
"chandan16028","[ ""Hindi"" ]","Student","Delhi","02-08-1998","Male"
"chandan2898","[ ""Hindi"" ]","Student","Delhi","02-08-1998","Male"
"chaosmeteor","[ ""Hindi"" ]","Student","Maharashtra","13-03-1996","Male"
"chitraligoswami","[ ""Hindi"", ""Assamese"" ]","Student","Assam","04-08-2000","Female"
"chiya","[ ""Hindi"" ]","Student","Bihar","03-06-1998","Female"
"chiyasej","[ ""Hindi"" ]","Service","Andhra Pradesh","03-06-1970","Female"
"cj","[ ""Hindi"" ]","Student","Delhi","31-03-1993","Male"
"code_now","[ ""Hindi"" ]","Student","Delhi","05-12-1993","Female"
"codwarlock","[ ""Hindi"", ""Nepali"" ]","Student","West Bengal","03-04-1997","Male"
"cpiyush15071","[ ""Hindi"" ]","Student","Delhi","24-11-1997","Male"
"dattatreya303","[ ""Hindi"" ]","Student","Delhi","22-01-1998","Male"
"deepak16031","[ ""Hindi"" ]","Student","Delhi","07-07-1998","Male"
"deepakddk1971r","[ ""Hindi"" ]","Service","Delhi","06-05-1971","Male"
"deepakswiti@yahoo.com","[ ""Hindi"" ]","Service","Delhi","20-04-1967","Male"
"deepanshu16144","[ ""Hindi"" ]","Student","Madhya Pradesh","11-11-1997","Male"
"deepanshu16236","[ ""Hindi"" ]","Student","Delhi","25-07-1997","Male"
"deepayan15093","[ ""Hindi"", ""Bengali"" ]","Student","Delhi","24-06-1993","Male"
"desolation","[ ""Hindi"" ]","Student","Andhra Pradesh","11-04-1997","Male"
"devesh145","[ ""Hindi"" ]","Student","Delhi","05-07-1997","Male"
"devesh16145","[ ""Hindi"" ]","Student","Delhi","05-07-1997","Male"
"devishi","[ ""Hindi"" ]","Student","Delhi","20-08-1997","Female"
"diksha","[ ""Hindi"" ]","Student","Andhra Pradesh","21-11-1996","Female"
"diksha ","[ ""Hindi"" ]","Student","Madhya Pradesh","21-11-1996","Female"
"diksha160171","[ ""Hindi"" ]","Student","Delhi","17-01-1994","Female"
"disha arora","[ ""Hindi"" ]","Student","Punjab","02-11-1998","Female"
"divya95","[ ""Hindi"" ]","Student","Delhi","29-03-1995","Female"
"dr_rajive","[ ""Hindi"", ""Punjabi"", ""Urdu"" ]","Self-employed","Delhi","19-08-1963","Male"
"drakg123","[ ""Hindi"" ]","Service","Delhi","07-01-1965","Male"
"dushyant16035","[ ""Hindi"" ]","Student","Delhi","11-09-1998","Male"
"faiz","[ ""Hindi"" ]","Service","Delhi","06-01-1980","Male"
"fornarnia","[ ""Hindi"" ]","Student","Goa","13-10-1997","Male"
"ganelo","[ ""Hindi"" ]","Service","Uttar Pradesh","14-08-1968","Male"
"gaurav","[ ""Hindi"" ]","Student","Delhi","04-05-1992","Male"
"geekSid","[ ""Hindi"" ]","Student","Uttar Pradesh","17-09-1998","Male"
"geeta","[ ""Hindi"" ]","Others","Uttarakhand","27-02-1974","Female"
"gitasharma1970@gmail.com","[ ""Hindi"", ""Punjabi"" ]","Others","Delhi","31-05-1970","Female"
"gupta96.shivam@gmail.com","[ ""Hindi"" ]","Student","Delhi","04-09-1996","Male"
"guru","[ ""Hindi"", ""Punjabi"" ]","Service","Delhi","09-12-1992","Male"
"har25","[ ""Hindi"", ""Punjabi"" ]","Student","Delhi","30-10-1969","Male"
"harsh","[ ""Hindi"" ]","Student","Delhi","03-07-2000","Male"
"harsh16041","[ ""Hindi"" ]","Student","Delhi","17-09-1998","Male"
"harshagns","[ ""Hindi"", ""Tamil"", ""Telugu"", ""Malayalam"" ]","Student","Andhra Pradesh","27-02-1989","Male"
"harshit16042","[ ""Hindi"" ]","Student","Delhi","12-01-1998","Male"
"hello","[ ""Hindi"", ""Bengali"", ""Telugu"" ]","Student","Andhra Pradesh","01-01-","Female"
"himani15018","[ ""Hindi"" ]","Student","Uttarakhand","08-11-1991","Female"
"hkaggarwal","[ ""Hindi"" ]","Student","Delhi","08-09-1988","Male"
"honey","[ ""Hindi"" ]","Student","Andhra Pradesh","10-02-1988","Male"
"hrithik16237","[ ""Hindi"" ]","Student","Delhi","24-10-1997","Male"
"hvac24himanshu","[ ""Hindi"" ]","Student","Andhra Pradesh","01-01-1986","Male"
"iadirock","[ ""Hindi"" ]","Student","Delhi","08-02-1998","Male"
"iamaryananand","[ ""Hindi"" ]","Student","Delhi","04-09-1998","Male"
"iamgroot42","[ ""Hindi"" ]","Student","Delhi","09-10-1996","Male"
"ipranjul","[ ""Hindi"" ]","Student","Delhi","11-07-1998","Male"
"ishakalra","[ ""Hindi"" ]","Student","Uttar Pradesh","15-05-1998","Female"
"ishmeet","[ ""Hindi"", ""Punjabi"" ]","Student","Delhi","20-02-1998","Female"
"iwaz","[ ""Hindi"", ""Marathi"" ]","Student","Maharashtra","06-09-1993","Male"
"jai_mahajan","[ ""Hindi"", ""Punjabi"" ]","Student","Delhi","24-10-1997","Male"
"jaimatadi","[ ""Hindi"" ]","Student","Haryana","16-08-2003","Female"
"jain_anita","[ ""Hindi"" ]","Others","Delhi","06-10-1970","Female"
"jainakshay2601","[ ""Hindi"", ""Punjabi"" ]","Service","Telangana","26-01-1994","Male"
"jaishricow","[ ""Hindi"" ]","Others","Uttar Pradesh","14-12-1988","Male"
"jap","[ ""Hindi"", ""Punjabi"" ]","Student","Delhi","12-04-1999","Female"
"jatinder","[ ""Hindi"" ]","Service","Delhi","11-01-1971","Female"
"jaycee","[ ""Hindi"" ]","Service","Delhi","15-04-1968","Male"
"jiggylepcha","[ ""Hindi"", ""Nepali"" ]","Student","West Bengal","03-04-1997","Male"
"juhiB","[ ""Hindi"" ]","Student","Delhi","21-02-1995","Female"
"jyoti101","[ ""Hindi"" ]","Others","Uttar Pradesh","30-02-1972","Female"
"jyoti11","[ ""Hindi"" ]","Student","Uttar Pradesh","01-04-1996","Female"
"kajalgarg","[ ""Hindi"" ]","Service","Rajasthan","18-07-1993","Female"
"kanika","[ ""Hindi"" ]","Others","Delhi","15-01-1989","Female"
"kanikasaini","[ ""Hindi"" ]","Student","Delhi","09-11-1998","Female"
"kanu","[ ""Hindi"" ]","Student","Delhi","04-10-1999","Female"
"kanuk","[ ""Hindi"" ]","Student","Delhi","04-10-1999","Female"
"kartikeyea","[ ""Hindi"" ]","Student","Delhi","05-02-2001","Male"
"karvijain","[ ""Hindi"" ]","Student","Uttar Pradesh","28-11-1997","Female"
"kavya vohra","[ ""Hindi"" ]","Student","Delhi","09-03-1997","Female"
"kc_pant","[ ""Hindi"" ]","Service","Delhi","15-08-1982","Male"
"kgmash","[ ""Hindi"" ]","Student","Delhi","05-06-1993","Male"
"khulbekck","[ ""Hindi"" ]","Service","Delhi","26-01-1970","Male"
"krishan15144","[ ""Hindi"" ]","Student","Delhi","17-10-1996","Male"
"kushagra14055","[ ""Hindi"" ]","Student","Delhi","27-03-1996","Male"
"lavanya","[ ""Hindi"" ]","Student","Delhi","16-08-1995","Female"
"lavina16052","[ ""Hindi"" ]","Student","Delhi","07-10-1998","Female"
"legolas","[ ""Hindi"" ]","Student","Delhi","15-06-2000","Male"
"lipistic_lagalelu","[ ""Hindi"", ""Bhojpuri"" ]","Self-employed","Uttar Pradesh","01-01-1950","Male"
"lolwa","[ ""Hindi"" ]","Student","Delhi","15-11-1998","Male"
"lthukral","[ ""Hindi"" ]","Service","Delhi","08-08-1984","Female"
"madhav16159","[ ""Hindi"" ]","Student","Andhra Pradesh","04-10-1998","Male"
"madhur15030","[ ""Hindi"", ""Nepali"" ]","Student","Delhi","03-11-1989","Male"
"maggienoodles","[ ""Hindi"" ]","Student","Delhi","09-07-1991","Male"
"mahikaw","[ ""Hindi"" ]","Student","Delhi","04-05-1998","Female"
"malinijoshi","[ ""Hindi"" ]","Self-employed","Delhi","29-10-1972","Female"
"mananwason","[ ""Hindi"" ]","Student","Andhra Pradesh","08-07-1995","Male"
"manav","[ ""Hindi"" ]","Student","Delhi","13-11-1996","Male"
"manish101","[ ""Hindi"" ]","Service","Uttar Pradesh","12-09-1968","Male"
"manishJ","[ ""Hindi"" ]","Service","Delhi","03-12-1970","Male"
"manju","[ ""Hindi"" ]","Others","Delhi","14-05-1973","Female"
"mannika","[ ""Hindi"" ]","Student","Andhra Pradesh","29-03-1999","Female"
"mayam","[ ""Hindi"", ""Malayalam"" ]","Others","Haryana","01-08-1973","Female"
"mayank16162","[ ""Hindi"" ]","Student","Delhi","31-07-1998","Male"
"mayur","[ ""Hindi"" ]","Student","Delhi","09-03-1963","Male"
"mayur16031","[ ""Hindi"", ""Marathi"" ]","Student","Maharashtra","20-05-1994","Male"
"mcjain","[ ""Hindi"" ]","Retired","Delhi","08-02-1944","Male"
"meenal123","[ ""Hindi"" ]","Service","Delhi","08-02-1984","Male"
"meetarora","[ ""Hindi"" ]","Student","Delhi","29-12-1996","Male"
"meetsid20","[ ""Hindi"" ]","Student","Delhi","20-09-1997","Male"
"megha07","[ ""Hindi"" ]","Service","Maharashtra","07-11-1977","Female"
"megha16033","[ ""Hindi"" ]","Student","Delhi","18-08-1992","Female"
"meghna16056","[ ""Hindi"" ]","Student","Delhi","26-07-1998","Female"
"mehak","[ ""Hindi"" ]","Student","Uttar Pradesh","27-10-1998","Female"
"mehak_jain13","[ ""Hindi"" ]","Student","Delhi","13-07-1996","Female"
"mfrw","[ ""Urdu"" ]","Student","Jammu & Kashmir","29-01-1991","Male"
"mia","[ ""Hindi"" ]","Student","Delhi","06-08-1988","Female"
"mjacob","[ ""Hindi"", ""Malayalam"" ]","Others","Kerala","16-06-1975","Male"
"mkmadhav","[ ""Hindi"" ]","Student","Andhra Pradesh","01-11-1988","Male"
"moh16247","[ ""Hindi"", ""Tamil"" ]","Student","Delhi","01-04-1996","Male"
"mohd sarim","[ ""Hindi"" ]","Service","Uttar Pradesh","10-07-1991","Male"
"mohit","[ ""Hindi"", ""Punjabi"" ]","Student","Himachal Pradesh","05-10-1992","Male"
"monicadhawan","[ ""Hindi"" ]","Student","Delhi","03-08-1991","Female"
"msrk","[ ""Hindi"", ""Urdu"" ]","Service","Karnataka","07-01-1993","Male"
"mudit16057","[ ""Hindi"" ]","Student","Delhi","31-08-1998","Male"
"mukesh","[ ""Haryanvi"" ]","Self-employed","Delhi","10-06-1973","Male"
"mukeshkmr","[ ""Hindi"" ]","Service","Delhi","01-05-1963","Male"
"mukulrawal","[ ""Hindi"" ]","Self-employed","Delhi","06-07-1993","Male"
"munish16167","[ ""Hindi"" ]","Student","Uttar Pradesh","19-12-1997","Male"
"n","[ ""Hindi"" ]","Student","Andhra Pradesh","--","Male"
"nachiketa1992","[ ""Hindi"" ]","Student","Delhi","22-12-1992","Male"
"nadeem","[ ""Hindi"", ""Tamil"", ""Malayalam"" ]","Student","Kerala","29-12-1998","Male"
"nageshwar_sahu","[ ""Hindi"" ]","Service","Delhi","18-08-1965","Male"
"nakul16168","[ ""Hindi"", ""Tamil"" ]","Student","Tamil Nadu","21-09-1998","Male"
"naman16058","[ ""Hindi"" ]","Student","Delhi","24-10-1998","Male"
"naman16169","[ ""Hindi"" ]","Student","Delhi","16-09-1997","Male"
"nandinihooda","[ ""Hindi"" ]","Student","Delhi","20-12-1998","Female"
"navneet","[ ""Hindi"" ]","Student","Delhi","25-12-1998","Male"
"neelkamal","[ ""Hindi"" ]","Others","Delhi","07-06-1975","Male"
"neenawason","[ ""Hindi"" ]","Service","Delhi","01-11-1970","Female"
"neera","[ ""Hindi"" ]","Self-employed","Madhya Pradesh","16-06-1982","Female"
"neerajkrsingh95","[ ""Hindi"" ]","Service","Jharkhand","13-11-1994","Male"
"neha ","[ ""Hindi"" ]","Self-employed","Delhi","17-02-1993","Female"
"neha16037","[ ""Hindi"", ""Punjabi"" ]","Student","Delhi","30-04-1991","Female"
"nidhi29","[ ""Hindi"" ]","Self-employed","Maharashtra","29-08-1971","Female"
"nihesh","[ ""Tamil"" ]","Student","Tamil Nadu","10-04-1999","Male"
"nikhil","[ ""Tamil"" ]","Student","Tamil Nadu","18-12-2006","Male"
"nikhil13067","[ ""Hindi"" ]","Student","Delhi","02-09-1995","Male"
"nikita13068","[ ""Hindi"" ]","Student","Delhi","05-11-1994","Female"
"nikita13111","[ ""Hindi"" ]","Student","Delhi","05-11-1994","Female"
"nilay","[ ""Hindi"" ]","Student","Delhi","07-07-1998","Male"
"nipun.birla","[ ""Hindi"" ]","Service","Delhi","07-05-1993","Male"
"nischay13144","[ ""Hindi"" ]","Student","Delhi","14-11-1994","Male"
"nishalal","[ ""Hindi"" ]","Service","Delhi","10-03-1968","Female"
"nishant","[ ""Hindi"" ]","Student","Delhi","14-07-1996","Male"
"nishantadhikari00","[ ""Hindi"" ]","Service","Delhi","31-10-1990","Male"
"niti","[ ""Hindi"" ]","Student","Delhi","24-06-1994","Female"
"nitish","[ ""Hindi"" ]","Student","Delhi","09-12-1996","Male"
"norwegianbanarasi","[ ""Hindi"", ""Bhojpuri"", ""Malayalam"" ]","Service","Kerala","28-02-1969","Male"
"nvedant07","[ ""Hindi"" ]","Student","Delhi","16-02-1997","Male"
"p","[ ""Hindi"" ]","Student","Delhi","18-10-1992","Female"
"palika","[ ""Hindi"" ]","Self-employed","Delhi","06-11-1971","Female"
"pankaj","[ ""Hindi"" ]","Self-employed","Delhi","06-07-1974","Male"
"pankaj022","[ ""Hindi"", ""Haryanvi"" ]","Others","Delhi","02-09-1972","Female"
"pankaj123","[ ""Hindi"" ]","Self-employed","Uttar Pradesh","10-11-1965","Male"
"pankaj16176","[ ""Hindi"" ]","Student","Delhi","15-08-1998","Male"
"pankaj19","[ ""Hindi"" ]","Service","Delhi","19-05-1973","Male"
"pankhuri22","[ ""Hindi"", ""Bengali"", ""Punjabi"", ""Tamil"", ""Telugu"", ""Kannada"", ""Bhojpuri"", ""Malayalam"", ""Gujarati"", ""Haryanvi"", ""Marathi"", ""Konkani"", ""Manipuri"", ""Oriya"", ""Nepali"", ""Rajasthani"", ""Urdu"", ""Assamese"" ]","Student","Delhi","22-11-1998","Female"
"pardeep15043","[ ""Hindi"", ""Punjabi"" ]","Student","Haryana","06-01-1993","Female"
"paridhi16065","[ ""Hindi"", ""Bengali"", ""Gujarati"" ]","Student","Uttar Pradesh","07-05-1998","Female"
"parnami.sanjay868@gmail.com","[ ""Hindi"", ""Punjabi"" ]","Service","Delhi","15-05-1973","Male"
"peeyush","[ ""Hindi"" ]","Student","Delhi","07-08-1997","Male"
"piku4818","[ ""Hindi"" ]","Student","Delhi","08-12-1993","Male"
"piushgoyal","[ ""Hindi"", ""Punjabi"", ""Marathi"" ]","Service","Haryana","05-07-1968","Male"
"piyush15071","[ ""Hindi"" ]","Student","Delhi","24-11-1997","Male"
"piyushchoudhary","[ ""Hindi"" ]","Student","Delhi","24-11-1997","Male"
"poojamacker","[ ""Hindi"" ]","Self-employed","Delhi","24-08-1982","Female"
"pradeep","[ ""Hindi"" ]","Service","Delhi","15-06-1971","Male"
"pragya16067","[ ""Hindi"" ]","Student","Haryana","27-10-1998","Female"
"prakhar","[ ""Hindi"" ]","Student","Delhi","13-07-1998","Male"
"prateek15044","[ ""Hindi"" ]","Student","Jammu & Kashmir","12-09-1990","Male"
"pratyush16070@iiitd.ac.in","[ ""Hindi"", ""Punjabi"" ]","Student","Delhi","25-11-1997","Male"
"preeti singhal","[ ""Hindi"" ]","Service","Uttar Pradesh","17-01-1969","Female"
"prerna","[ ""Hindi"" ]","Student","Andhra Pradesh","--","Male"
"prernak","[ ""Hindi"" ]","Student","Delhi","29-05-1995","Female"
"priya","[ ""Hindi"" ]","Student","Delhi","27-04-1991","Female"
"priyanka15047","[ ""Hindi"", ""Haryanvi"" ]","Student","Delhi","12-09-1993","Female"
"pulkit14080","[ ""Hindi"" ]","Student","Delhi","13-02-1997","Male"
"puru98347","[ ""Hindi"" ]","Student","Punjab","03-11-1997","Male"
"puruvir16258","[ ""Hindi"", ""Punjabi"" ]","Student","Delhi","03-11-1996","Male"
"puruvir333","[ ""Hindi"" ]","Student","Delhi","03-11-1998","Male"
"pwason","[ ""Hindi"" ]","Service","Delhi","06-02-1969","Male"
"q","[ ""Hindi"", ""Bengali"", ""Punjabi"", ""Tamil"", ""Telugu"", ""Kannada"", ""Bhojpuri"", ""Malayalam"", ""Gujarati"", ""Haryanvi"", ""Marathi"", ""Konkani"", ""Manipuri"", ""Oriya"", ""Nepali"", ""Rajasthani"", ""Urdu"", ""Assamese"" ]","Student","Andhra Pradesh","02-01-2012","Male"
"q1","[ ""Hindi"" ]","Student","Andhra Pradesh","09-06-2007","Male"
"qwerty","[ ""Hindi"" ]","Student","Andhra Pradesh","18-01-1995","Male"
"qww","[ ""Hindi"" ]","Student","Delhi","02-02-2012","Male"
"r","[ ""Hindi"" ]","Student","Andhra Pradesh","--","Male"
"rachna10","[ ""Hindi"" ]","Self-employed","Maharashtra","10-02-1975","Female"
"raghav16179","[ ""Hindi"" ]","Student","Delhi","09-02-1999","Male"
"raghavj","[ ""Hindi"" ]","Student","Haryana","13-10-1996","Male"
"raghavsood98","[ ""Hindi"" ]","Student","Maharashtra","05-12-1998","Male"
"rahul","[ ""Hindi"" ]","Student","Delhi","04-09-1999","Male"
"rahul  kumar","[ ""Hindi"" ]","Student","Delhi","24-11-1997","Male"
"rahul singh","[ ""Hindi"" ]","Others","Delhi","24-12-1990","Male"
"rahul.ran1990","[ ""Hindi"" ]","Service","Delhi","15-06-1990","Male"
"rahul16074","[ ""Hindi"" ]","Student","Delhi","21-01-1998","Male"
"rahul16180","[ ""Hindi"", ""Punjabi"" ]","Student","Delhi","14-12-1988","Male"
"rahul16181","[ ""Hindi"" ]","Student","Delhi","30-10-1996","Male"
"rahulsaini78","[ ""Hindi"" ]","Student","Delhi","01-01-1990","Male"
"rajat","[ ""Hindi"" ]","Student","Delhi","05-04-1998","Male"
"rajdeep15051","[ ""Hindi"", ""Bengali"" ]","Student","Delhi","10-06-1989","Male"
"rajeevjoshi","[ ""Hindi"" ]","Service","Delhi","25-09-1970","Male"
"rajenderkumar2611","[ ""Hindi"" ]","Others","Delhi","31-10-1969","Male"
"rajesh","[ ""Hindi"" ]","Self-employed","Delhi","18-01-1966","Male"
"rajesh1967@gmail.com","[ ""Hindi"" ]","Service","Delhi","20-02-1967","Male"
"rakeshsharma206@gmail.com","[ ""Hindi"", ""Bhojpuri"" ]","Service","Delhi","13-06-1981","Male"
"ramakant","[ ""Hindi"" ]","Self-employed","Delhi","07-07-1982","Male"
"rambirsingh","[ ""Hindi"" ]","Service","Delhi","25-06-1965","Male"
"ramya","[ ""Hindi"", ""Tamil"" ]","Student","Delhi","15-12-1995","Male"
"ranajoy","[ ""Hindi"", ""Bengali"" ]","Service","Telangana","21-06-1982","Male"
"ranjitgita95@gmail.com","[ ""Punjabi"" ]","Service","Delhi","17-09-1966","Male"
"rashi.soni","[ ""Hindi"", ""Punjabi"" ]","Student","Delhi","19-09-1993","Female"
"ravi panwar","[ ""Hindi"", ""Haryanvi"" ]","Service","Delhi","01-01-1965","Male"
"reddy","[ ""Hindi"", ""Telugu"" ]","Student","Andhra Pradesh","24-01-1999","Male"
"rekhaarora","[ ""Hindi"" ]","Self-employed","Delhi","30-11-1972","Male"
"renusarin","[ ""Hindi"" ]","Service","Delhi","24-10-1969","Female"
"richa239","[ ""Hindi"", ""Punjabi"" ]","Student","Punjab","23-09-1991","Female"
"rishi123","[ ""Hindi"" ]","Self-employed","Delhi","24-10-1998","Male"
"rishin.lal1012","[ ""Hindi"" ]","Student","Delhi","19-08-1998","Male"
"ritu","[ ""Hindi"" ]","Student","Delhi","18-07-1968","Female"
"ritu.harsh","[ ""Hindi"" ]","Others","Delhi","24-12-1971","Female"
"rjalfa","[ ""Hindi"", ""Rajasthani"" ]","Student","Delhi","06-03-1996","Male"
"rjrobin18","[ ""Hindi"", ""Malayalam"" ]","Service","Delhi","18-09-1987","Male"
"rjrobin_18@yahoo.com","[ ""Hindi"" ]","Service","Delhi","24-11-1987","Male"
"rohan","[ ""Hindi"" ]","Student","Delhi","21-01-1998","Male"
"rohan_chhokra","[ ""Hindi"" ]","Student","Delhi","23-01-1998","Male"
"rohit","[ ""Hindi"" ]","Service","Delhi","02-01-1990","Male"
"rparshad","[ ""Hindi"" ]","Service","Delhi","22-02-1963","Male"
"ruchi","[ ""Hindi"" ]","Student","Delhi","01-07-1973","Female"
"s111","[ ""Hindi"" ]","Student","Delhi","21-05-1997","Male"
"saatvikj","[ ""Hindi"" ]","Student","Delhi","18-08-1998","Male"
"sahib16081","[ ""Hindi"", ""Punjabi"" ]","Student","Delhi","16-01-1998","Male"
"sahibrattan98","[ ""Hindi"", ""Punjabi"" ]","Student","Delhi","16-01-1998","Male"
"sahil","[ ""Hindi"" ]","Student","Uttar Pradesh","30-05-2001","Male"
"sahil97","[ ""Hindi"" ]","Student","Jammu & Kashmir","28-03-1998","Male"
"sahilyadav","[ ""Hindi"" ]","Student","Delhi","16-09-1998","Male"
"saksham","[ ""Hindi"" ]","Student","Delhi","13-07-1998","Male"
"sakti14093","[ ""Hindi"" ]","Student","Odisha","04-03-1997","Male"
"salsa","[ ""Hindi"" ]","Student","Bihar","01-01-1952","Male"
"sanchit16264","[ ""Hindi"" ]","Student","Delhi","07-09-1998","Male"
"sandeep6922","[ ""Hindi"" ]","Self-employed","Delhi","14-04-1972","Male"
"sandy1234","[ ""Hindi"" ]","Student","Delhi","26-01-1998","Male"
"sangeeta","[ ""Hindi"", ""Rajasthani"" ]","Others","Delhi","10-01-1967","Female"
"sangeeta65","[ ""Hindi"" ]","Service","Delhi","16-10-1965","Male"
"sanjay","[ ""Hindi"" ]","Service","Delhi","23-03-1967","Male"
"sanjeev","[ ""Hindi"" ]","Service","Madhya Pradesh","17-03-1968","Male"
"satish","[ ""Hindi"" ]","Self-employed","Madhya Pradesh","23-10-1978","Male"
"satyajeet1968","[ ""Hindi"" ]","Service","Maharashtra","24-01-1968","Male"
"saurabh","[ ""Hindi"" ]","Service","Uttar Pradesh","26-07-1987","Male"
"saurabh.sa27","[ ""Hindi"", ""Marathi"" ]","Student","Maharashtra","27-07-1992","Male"
"savitasaini","[ ""Hindi"" ]","Service","Delhi","15-12-1998","Female"
"score","[]","Student","Andhra Pradesh","01--2010","Male"
"seema","[ ""Hindi"" ]","Service","Delhi","01-08-1970","Female"
"seemajain","[ ""Hindi"" ]","Service","Delhi","01-01-1973","Male"
"seemant","[ ""Hindi"" ]","Student","Delhi","17-04-1993","Male"
"seemasood71","[ ""Hindi"" ]","Others","Maharashtra","17-08-1971","Female"
"sejal","[ ""Hindi"" ]","Student","Delhi","03-06-1998","Female"
"shadab","[ ""Hindi"" ]","Service","Delhi","19-07-1993","Male"
"shadguna","[ ""Hindi"", ""Telugu"" ]","Self-employed","Andhra Pradesh","08-12-1993","Female"
"shaifu","[ ""Hindi"" ]","Service","Delhi","26-10-1992","Female"
"shalini71","[ ""Hindi"" ]","Others","Delhi","15-05-1971","Male"
"shambhavi","[ ""Hindi"" ]","Student","Delhi","04-08-1998","Female"
"shamim","[ ""Hindi"" ]","Self-employed","Delhi","20-01-1971","Female"
"sharique","[ ""Hindi"" ]","Student","Delhi","21-03-1998","Male"
"shashank","[ ""Hindi"" ]","Others","Uttar Pradesh","15-02-1965","Male"
"shashank.kataria","[ ""Hindi"" ]","Student","Delhi","10-01-1998","Male"
"shefali","[ ""Hindi"" ]","Student","Delhi","29-07-1993","Female"
"shilpa08","[ ""Hindi"", ""Marathi"" ]","Self-employed","Delhi","08-07-1973","Female"
"shilpas","[ ""Hindi"" ]","Self-employed","Delhi","04-02-1993","Female"
"shivishka98","[ ""Hindi"", ""Punjabi"" ]","Student","Delhi","16-04-1998","Female"
"shivm112","[ ""Hindi"" ]","Student","Delhi","28-03-1998","Male"
"shrebox","[ ""Hindi"" ]","Student","Delhi","06-06-1997","Male"
"shreedhar16197","[ ""Hindi"" ]","Student","Delhi","31-10-1997","Male"
"shreekant","[ ""Hindi"" ]","Self-employed","Delhi","15-09-1969","Male"
"shreyansh ","[ ""Hindi"" ]","Service","Delhi","21-04-1993","Male"
"shrinathyadav","[ ""Hindi"" ]","Service","Uttar Pradesh","05-04-1963","Male"
"shrutikhaitan","[ ""Hindi"" ]","Student","Delhi","09-08-1998","Female"
"shubham","[ ""Hindi"" ]","Student","Delhi","31-10-1997","Male"
"shubham0906","[ ""Hindi"" ]","Service","Delhi","09-06-1992","Male"
"shubhamsagar250","[ ""Hindi"", ""Punjabi"" ]","Student","Delhi","31-10-1997","Male"
"shubhan","[ ""Hindi"" ]","Student","Delhi","02-04-2001","Male"
"shubhika123","[ ""Hindi"" ]","Student","Uttar Pradesh","16-02-1994","Female"
"siddgorey","[ ""Hindi"", ""Bengali"" ]","Student","West Bengal","13-08-1992","Male"
"siddhant16199","[ ""Hindi"" ]","Student","Delhi","27-11-1996","Male"
"siddhant@123","[ ""Hindi"" ]","Student","Andhra Pradesh","18-10-1998","Male"
"siddhantgoel","[ ""Hindi"" ]","Student","Delhi","17-12-1997","Male"
"siddhantsingh","[ ""Hindi"" ]","Student","Delhi","27-11-1997","Male"
"singhjaibir68","[ ""Hindi"" ]","Service","Delhi","14-01-1968","Male"
"skm","[ ""Hindi"" ]","Service","Delhi","15-12-1965","Male"
"sonal_<>","[ ""Hindi"" ]","Student","Delhi","07-02-1975","Female"
"sonia gaba","[ ""Hindi"" ]","Others","Delhi","05-05-1973","Female"
"sonika","[ ""Hindi"" ]","Student","Rajasthan","02-06-1993","Female"
"soummyaah","[ ""Hindi"" ]","Student","Uttar Pradesh","17-11-2000","Female"
"sourabhpjain","[ ""Hindi"", ""Telugu"", ""Kannada"" ]","Self-employed","Andhra Pradesh","08-12-1993","Male"
"spidy279","[ ""Tamil"" ]","Service","Tamil Nadu","27-04-1979","Male"
"srishti01","[ ""Hindi"" ]","Student","Delhi","16-08-2000","Female"
"suman","[ ""Hindi"" ]","Others","Delhi","10-12-1968","Female"
"sumanlata","[ ""Hindi"" ]","Others","Delhi","10-12-1968","Female"
"sumit13111","[ ""Hindi"" ]","Student","Delhi","12-08-1995","Male"
"suniljoshi","[ ""Hindi"" ]","Service","Uttar Pradesh","16-08-1976","Male"
"sunita1621","[ ""Hindi"" ]","Service","Delhi","10-10-1967","Female"
"sunitagupta72","[ ""Hindi"", ""Rajasthani"" ]","Others","Delhi","26-03-1972","Female"
"sunnyjangra98","[ ""Hindi"" ]","Student","Delhi","12-05-1997","Male"
"surabhi.chaudhary","[ ""Hindi"", ""Punjabi"" ]","Service","Delhi","20-03-1991","Female"
"suraj kumar","[ ""Hindi"" ]","Student","Delhi","20-11-1997","Male"
"suryaansh","[ ""Hindi"" ]","Student","Delhi","21-05-1997","Male"
"sushant","[ ""Hindi"" ]","Student","Delhi","05-09-1998","Male"
"swarnlata","[ ""Hindi"" ]","Others","Delhi","12-08-1971","Female"
"swati gaba","[ ""Hindi"", ""Bengali"", ""Punjabi"", ""Tamil"", ""Kannada"", ""Bhojpuri"", ""Gujarati"", ""Haryanvi"", ""Marathi"" ]","Student","Delhi","28-11-1997","Female"
"swati26","[ ""Hindi"" ]","Student","Delhi","24-10-1998","Male"
"tanaya","[ ""Hindi"", ""Bengali"" ]","Service","West Bengal","23-01-1982","Female"
"tanya","[ ""Hindi"" ]","Student","Delhi","08-01-1998","Female"
"tanya16108","[ ""Hindi"" ]","Student","Delhi","30-07-1998","Female"
"tarush16109","[ ""Hindi"", ""Haryanvi"" ]","Student","Delhi","29-08-1998","Male"
"test","[ ""Hindi"" ]","Student","Andhra Pradesh","06--","Female"
"test1","[ ""Hindi"" ]","Student","Andhra Pradesh","04-05-2007","Male"
"trisha101","[ ""Hindi"" ]","Student","Uttar Pradesh","22-11-1994","Female"
"tushar","[ ""Hindi"" ]","Student","Delhi","21-01-1995","Male"
"ujjwalsagar11","[ ""Hindi"" ]","Student","Delhi","11-01-2003","Male"
"umesh","[ ""Hindi"" ]","Service","Delhi","25-11-1972","Male"
"userX1","[ ""Hindi"" ]","Student","Andhra Pradesh","01-02-2009","Male"
"utkarsh16110","[ ""Hindi"" ]","Student","Delhi","14-05-1998","Male"
"vaday","[ ""Hindi"", ""Tamil"", ""Telugu"", ""Bhojpuri"" ]","Student","Delhi","17-05-1998","Male"
"vader71","[ ""Hindi"" ]","Student","Delhi","20-01-1988","Male"
"vaibhav97","[ ""Hindi"", ""Punjabi"", ""Tamil"", ""Bhojpuri"", ""Haryanvi"" ]","Student","Delhi","16-11-1997","Male"
"vaibhavching","[ ""Hindi"" ]","Student","Delhi","06-08-1998","Male"
"vaishali1994","[ ""Hindi"" ]","Student","Delhi","02-01-1994","Female"
"vandanasharma","[ ""Hindi"" ]","Self-employed","Delhi","26-01-1958","Female"
"vanshika16276","[ ""Hindi"", ""Punjabi"" ]","Student","Delhi","05-05-1998","Female"
"varun16112","[ ""Hindi"", ""Tamil"" ]","Student","Delhi","28-03-1999","Male"
"varun28031999","[ ""Hindi"", ""Tamil"" ]","Student","Delhi","28-03-1999","Male"
"veancy","[ ""Tamil"" ]","Student","Tamil Nadu","04-04-1976","Female"
"ved","[ ""Hindi"" ]","Service","Delhi","10-08-1976","Male"
"vedant15188","[ ""Hindi"" ]","Student","Delhi","18-09-1997","Male"
"veenadhawan","[ ""Hindi"" ]","Service","Delhi","07-01-1963","Female"
"veer","[ ""Hindi"" ]","Student","Delhi","16-09-1991","Male"
"vijay kumar","[ ""Hindi"" ]","Self-employed","Delhi","01-01-1970","Male"
"vijayajoshi","[ ""Hindi"" ]","Others","Delhi","22-10-1942","Female"
"vimal","[ ""Hindi"" ]","Service","Delhi","13-10-1969","Male"
"vipin","[ ""Hindi"" ]","Self-employed","Delhi","05-02-1971","Male"
"vipul16117","[ ""Hindi"" ]","Student","Delhi","03-04-1998","Male"
"viresh","[ ""Hindi"" ]","Student","Delhi","26-05-1998","Male"
"vishaal27","[ ""Hindi"", ""Telugu"" ]","Student","Andhra Pradesh","27-08-1999","Male"
"vishal","[ ""Hindi"" ]","Student","Delhi","28-06-1998","Male"
"vishal kumar","[ ""Hindi"" ]","Student","Delhi","16-01-1997","Male"
"vishuks","[ ""Hindi"" ]","Student","Delhi","01-10-1997","Male"
"vishwanath maurya","[ ""Hindi"" ]","Service","Delhi","25-11-1993","Male"
"vpsaini71@gmail.com","[ ""Hindi"" ]","Service","Delhi","05-12-1971","Male"
"vrinda16279","[ ""Hindi"" ]","Student","Uttar Pradesh","26-02-1998","Female"
"yagami_kunal","[ ""Hindi"", ""Punjabi"" ]","Student","Delhi","01-11-1996","Male"
"yajur16121","[ ""Hindi"" ]","Student","Delhi","11-08-1998","Male"
"yomojet","[ ""Hindi"", ""Bengali"" ]","Student","Tripura","24-11-1997","Male"
"yusuf","[ ""Hindi"" ]","Service","Karnataka","11-08-1992","Male"
"zainab","[ ""Hindi"" ]","Student","Delhi","02-07-1998","Female"
"zxcvb","[ ""Hindi"" ]","Student","Andhra Pradesh","18-12-1995","Male"
